transfer_id,patient_id,female_age,bmi,amh_ng_ml,endometrial_thickness_mm,previous_failed_transfers,infertility_duration_years,infertility_cause,frozen_transfer,clinical_pregnancy
T000001,P07625,31.4,28.0,3.87,11.1,0,2.1,ovulatory,1,1
T000002,P06117,29.0,23.2,0.85,10.4,0,5.2,tubal,0,1
T000003,P01819,33.9,25.4,1.37,7.0,0,4.1,unexplained,1,1
T000004,P03230,36.9,24.7,1.15,6.9,0,6.7,tubal,0,0
T000005,P06318,40.1,31.7,1.9,10.8,0,1.3,endometriosis,0,0
T000006,P00469,35.5,26.8,2.49,10.9,2,1.9,tubal,1,0
T000007,P07869,32.5,30.0,1.34,7.3,0,2.1,unexplained,0,0
T000008,P06829,31.5,25.9,3.05,8.4,1,1.0,male_factor,1,0
T000009,P07882,38.4,23.6,1.68,8.8,1,2.2,male_factor,0,0
T000010,P00446,42.4,30.3,1.35,11.4,3,1.2,tubal,1,0
T000011,P06146,36.2,22.7,3.41,8.2,0,3.2,ovulatory,0,0
T000012,P01404,29.5,23.4,,7.0,0,5.0,male_factor,1,0
T000013,P05356,30.7,28.8,3.99,7.9,1,1.4,endometriosis,0,0
T000014,P04117,42.2,,1.48,9.1,0,4.5,unexplained,0,1
T000015,P00491,35.9,23.9,7.6,6.7,1,3.8,endometriosis,1,0
T000016,P06578,27.2,28.0,,,1,3.8,unexplained,1,0
T000017,P01310,34.6,25.3,4.17,,0,3.0,male_factor,1,1
T000018,P03182,29.8,21.8,1.9,,2,3.3,male_factor,1,1
T000019,P03137,32.2,32.0,4.43,12.0,0,1.7,unexplained,0,0
T000020,P06041,32.8,27.1,1.17,9.2,1,0.7,ovulatory,1,0
T000021,P00126,31.8,24.3,7.51,11.5,1,3.0,male_factor,1,0
T000022,P04211,37.5,24.9,,7.1,0,7.9,endometriosis,1,0
T000023,P07994,34.7,25.0,0.82,8.9,0,1.8,tubal,1,0
T000024,P06444,32.3,24.3,0.91,10.6,2,0.5,male_factor,0,1
