transfer_id,image_path
T000001,images/T000001.png
T000002,images/T000002.png
T000003,images/T000003.png
T000004,images/T000004.png
T000005,images/T000005.png
T000006,images/T000006.png
T000007,images/T000007.png
T000008,images/T000008.png
T000009,images/T000009.png
T000010,images/T000010.png
T000011,images/T000011.png
T000012,images/T000012.png
T000013,images/T000013.png
T000014,images/T000014.png
T000015,images/T000015.png
T000016,images/T000016.png
T000017,images/T000017.png
T000018,images/T000018.png
T000019,images/T000019.png
T000020,images/T000020.png
T000021,images/T000021.png
T000022,images/T000022.png
T000023,images/T000023.png
T000024,images/T000024.png
